SSIP,Stdevpack,Stdevbyte,NbFlow,NbIntFlow
116,0.1507532109516905,8.140673391391287,116,0.5
